<References xmlns="http://xmlns.oracle.com/adf/jndi">
  <Reference name="FPG_Conn" className="oracle.jdeveloper.db.adapter.DatabaseProvider" credentialStoreKey="FPG_Conn"
             xmlns="">
    <Factory className="oracle.jdevimpl.db.adapter.DatabaseProviderFactory1212"/>
    <RefAddresses>
      <StringRefAddr addrType="oraDriverType">
        <Contents>thin</Contents>
      </StringRefAddr>
      <StringRefAddr addrType="hostname">
        <Contents>192.168.31.230</Contents>
      </StringRefAddr>
      <SecureRefAddr addrType="password"/>
      <StringRefAddr addrType="subtype">
        <Contents>oraJDBC</Contents>
      </StringRefAddr>
      <StringRefAddr addrType="port">
        <Contents>1521</Contents>
      </StringRefAddr>
      <StringRefAddr addrType="serviceName">
        <Contents>orcl.oracle.com</Contents>
      </StringRefAddr>
      <StringRefAddr addrType="user">
        <Contents>fpg_adf_taiwan</Contents>
      </StringRefAddr>
    </RefAddresses>
  </Reference>
</References>