<?xml version="1.0" encoding="UTF-8" ?>
<!DOCTYPE ViewLink SYSTEM "jbo_03_01.dtd">
<!---->
<ViewLink
  xmlns="http://xmlns.oracle.com/bc4j"
  Name="Fk1T0nkdgd52VL"
  Version="12.2.1.3.15"
  InheritPersonalization="merge"
  EntityAssociation="com.fpg.adf.model.entity.assoc.Fk1T0nkdgd52AS">
  <ViewLinkDefEnd
    Name="T0nkdgd51_1"
    Cardinality="1"
    Source="true"
    Owner="com.fpg.adf.model.view.T0nkdgd51VO">
    <DesignTime>
      <Attr Name="_isUpdateable" Value="true"/>
      <Attr Name="_minCardinality" Value="1"/>
      <Attr Name="_finderName" Value="T0nkdgd51"/>
    </DesignTime>
    <AttrArray Name="Attributes">
      <Item Value="com.fpg.adf.model.view.T0nkdgd51VO.Opco"/>
      <Item Value="com.fpg.adf.model.view.T0nkdgd51VO.Oppld"/>
      <Item Value="com.fpg.adf.model.view.T0nkdgd51VO.Opdp"/>
      <Item Value="com.fpg.adf.model.view.T0nkdgd51VO.Wayid"/>
      <Item Value="com.fpg.adf.model.view.T0nkdgd51VO.Sqno"/>
    </AttrArray>
  </ViewLinkDefEnd>
  <ViewLinkDefEnd
    Name="T0nkdgd52"
    Cardinality="-1"
    Owner="com.fpg.adf.model.view.T0nkdgd52VO">
    <DesignTime>
      <Attr Name="_isUpdateable" Value="true"/>
      <Attr Name="_finderName" Value="T0nkdgd52"/>
    </DesignTime>
    <AttrArray Name="Attributes">
      <Item Value="com.fpg.adf.model.view.T0nkdgd52VO.Opco"/>
      <Item Value="com.fpg.adf.model.view.T0nkdgd52VO.Oppld"/>
      <Item Value="com.fpg.adf.model.view.T0nkdgd52VO.Opdp"/>
      <Item Value="com.fpg.adf.model.view.T0nkdgd52VO.Wayid"/>
      <Item Value="com.fpg.adf.model.view.T0nkdgd52VO.Sqno"/>
    </AttrArray>
  </ViewLinkDefEnd>
</ViewLink>
