<?xml version="1.0" encoding="UTF-8" ?>
<!DOCTYPE Entity SYSTEM "jbo_03_01.dtd">
<!---->
<Entity
  xmlns="http://xmlns.oracle.com/bc4j"
  Name="T0nkdgm5EO"
  Version="12.2.1.3.15"
  InheritPersonalization="merge"
  DBObjectType="table"
  DBObjectName="T0NKDGM5"
  AliasName="T0nkdgm5EO"
  BindingStyle="OracleName">
  <Attribute
    Name="Opco"
    IsNotNull="true"
    Precision="2"
    ColumnName="OPCO"
    SQLType="VARCHAR"
    Type="java.lang.String"
    ColumnType="VARCHAR2"
    TableName="T0NKDGM5"
    PrimaryKey="true">
    <DesignTime>
      <Attr Name="_DisplaySize" Value="2"/>
    </DesignTime>
  </Attribute>
  <Attribute
    Name="Oppld"
    IsNotNull="true"
    Precision="2"
    ColumnName="OPPLD"
    SQLType="VARCHAR"
    Type="java.lang.String"
    ColumnType="VARCHAR2"
    TableName="T0NKDGM5"
    PrimaryKey="true">
    <DesignTime>
      <Attr Name="_DisplaySize" Value="2"/>
    </DesignTime>
  </Attribute>
  <Attribute
    Name="Opdp"
    IsNotNull="true"
    Precision="4"
    ColumnName="OPDP"
    SQLType="VARCHAR"
    Type="java.lang.String"
    ColumnType="VARCHAR2"
    TableName="T0NKDGM5"
    PrimaryKey="true">
    <DesignTime>
      <Attr Name="_DisplaySize" Value="4"/>
    </DesignTime>
  </Attribute>
  <Attribute
    Name="Wayid"
    IsNotNull="true"
    Precision="8"
    ColumnName="WAYID"
    SQLType="VARCHAR"
    Type="java.lang.String"
    ColumnType="VARCHAR2"
    TableName="T0NKDGM5"
    PrimaryKey="true">
    <DesignTime>
      <Attr Name="_DisplaySize" Value="8"/>
    </DesignTime>
  </Attribute>
  <Attribute
    Name="Waynm"
    Precision="120"
    ColumnName="WAYNM"
    SQLType="VARCHAR"
    Type="java.lang.String"
    ColumnType="VARCHAR2"
    TableName="T0NKDGM5">
    <DesignTime>
      <Attr Name="_DisplaySize" Value="120"/>
    </DesignTime>
  </Attribute>
  <Attribute
    Name="Fun"
    Precision="1"
    ColumnName="FUN"
    SQLType="VARCHAR"
    Type="java.lang.String"
    ColumnType="VARCHAR2"
    TableName="T0NKDGM5">
    <DesignTime>
      <Attr Name="_DisplaySize" Value="1"/>
    </DesignTime>
  </Attribute>
  <Attribute
    Name="Cycqty"
    Precision="3"
    Scale="0"
    ColumnName="CYCQTY"
    SQLType="NUMERIC"
    Type="java.lang.Integer"
    ColumnType="NUMBER"
    TableName="T0NKDGM5"/>
  <Attribute
    Name="Cycun"
    Precision="2"
    ColumnName="CYCUN"
    SQLType="VARCHAR"
    Type="java.lang.String"
    ColumnType="VARCHAR2"
    TableName="T0NKDGM5">
    <DesignTime>
      <Attr Name="_DisplaySize" Value="2"/>
    </DesignTime>
  </Attribute>
  <Attribute
    Name="Paubegdat"
    Precision="7"
    ColumnName="PAUBEGDAT"
    SQLType="VARCHAR"
    Type="java.lang.String"
    ColumnType="VARCHAR2"
    TableName="T0NKDGM5">
    <DesignTime>
      <Attr Name="_DisplaySize" Value="7"/>
    </DesignTime>
  </Attribute>
  <Attribute
    Name="Paupaudat"
    Precision="7"
    ColumnName="PAUPAUDAT"
    SQLType="VARCHAR"
    Type="java.lang.String"
    ColumnType="VARCHAR2"
    TableName="T0NKDGM5">
    <DesignTime>
      <Attr Name="_DisplaySize" Value="7"/>
    </DesignTime>
  </Attribute>
  <Attribute
    Name="Dduhol"
    Precision="1"
    ColumnName="DDUHOL"
    SQLType="VARCHAR"
    Type="java.lang.String"
    ColumnType="VARCHAR2"
    TableName="T0NKDGM5">
    <DesignTime>
      <Attr Name="_DisplaySize" Value="1"/>
    </DesignTime>
  </Attribute>
  <Attribute
    Name="Lstchkdat"
    Precision="7"
    ColumnName="LSTCHKDAT"
    SQLType="VARCHAR"
    Type="java.lang.String"
    ColumnType="VARCHAR2"
    TableName="T0NKDGM5">
    <DesignTime>
      <Attr Name="_DisplaySize" Value="7"/>
    </DesignTime>
  </Attribute>
  <Attribute
    Name="Nxtchkdat"
    Precision="7"
    ColumnName="NXTCHKDAT"
    SQLType="VARCHAR"
    Type="java.lang.String"
    ColumnType="VARCHAR2"
    TableName="T0NKDGM5">
    <DesignTime>
      <Attr Name="_DisplaySize" Value="7"/>
    </DesignTime>
  </Attribute>
  <Attribute
    Name="Apsts"
    Precision="1"
    ColumnName="APSTS"
    SQLType="VARCHAR"
    Type="java.lang.String"
    ColumnType="VARCHAR2"
    TableName="T0NKDGM5">
    <DesignTime>
      <Attr Name="_DisplaySize" Value="1"/>
    </DesignTime>
  </Attribute>
  <Attribute
    Name="Folcnt"
    Precision="2"
    Scale="0"
    ColumnName="FOLCNT"
    SQLType="NUMERIC"
    Type="java.lang.Integer"
    ColumnType="NUMBER"
    TableName="T0NKDGM5"/>
  <Attribute
    Name="Ntitm"
    Precision="16"
    ColumnName="NTITM"
    SQLType="VARCHAR"
    Type="java.lang.String"
    ColumnType="VARCHAR2"
    TableName="T0NKDGM5">
    <DesignTime>
      <Attr Name="_DisplaySize" Value="16"/>
    </DesignTime>
  </Attribute>
  <Attribute
    Name="Abmk"
    Precision="1"
    ColumnName="ABMK"
    SQLType="VARCHAR"
    Type="java.lang.String"
    ColumnType="VARCHAR2"
    TableName="T0NKDGM5">
    <DesignTime>
      <Attr Name="_DisplaySize" Value="1"/>
    </DesignTime>
  </Attribute>
  <Attribute
    Name="Txco"
    Precision="2"
    ColumnName="TXCO"
    SQLType="VARCHAR"
    Type="java.lang.String"
    ColumnType="VARCHAR2"
    TableName="T0NKDGM5">
    <DesignTime>
      <Attr Name="_DisplaySize" Value="2"/>
    </DesignTime>
  </Attribute>
  <Attribute
    Name="Txemp"
    Precision="10"
    ColumnName="TXEMP"
    SQLType="VARCHAR"
    Type="java.lang.String"
    ColumnType="VARCHAR2"
    TableName="T0NKDGM5">
    <DesignTime>
      <Attr Name="_DisplaySize" Value="10"/>
    </DesignTime>
  </Attribute>
  <Attribute
    Name="Txmch"
    Precision="30"
    ColumnName="TXMCH"
    SQLType="VARCHAR"
    Type="java.lang.String"
    ColumnType="VARCHAR2"
    TableName="T0NKDGM5">
    <DesignTime>
      <Attr Name="_DisplaySize" Value="30"/>
    </DesignTime>
  </Attribute>
  <Attribute
    Name="Txtm"
    Precision="16"
    ColumnName="TXTM"
    SQLType="VARCHAR"
    Type="java.lang.String"
    ColumnType="VARCHAR2"
    TableName="T0NKDGM5">
    <DesignTime>
      <Attr Name="_DisplaySize" Value="16"/>
    </DesignTime>
  </Attribute>
  <AccessorAttribute
    Name="T0nkdgd51"
    Association="com.fpg.adf.model.entity.assoc.FkT0nkdgd51AS"
    AssociationEnd="com.fpg.adf.model.entity.assoc.FkT0nkdgd51AS.T0nkdgd51"
    AssociationOtherEnd="com.fpg.adf.model.entity.assoc.FkT0nkdgd51AS.T0nkdgm5"
    Type="oracle.jbo.RowIterator"
    IsUpdateable="false"/>
  <AccessorAttribute
    Name="T0nkdgd52"
    Association="com.fpg.adf.model.entity.assoc.Fk2T0nkdgd52AS"
    AssociationEnd="com.fpg.adf.model.entity.assoc.Fk2T0nkdgd52AS.T0nkdgd52"
    AssociationOtherEnd="com.fpg.adf.model.entity.assoc.Fk2T0nkdgd52AS.T0nkdgm5"
    Type="oracle.jbo.RowIterator"
    IsUpdateable="false"/>
  <Key
    Name="PkT0nkdgm5"
    PrimaryKey="true">
    <DesignTime>
      <Attr Name="_DBObjectName" Value="PK_T0NKDGM5"/>
    </DesignTime>
    <AttrArray Name="Attributes">
      <Item Value="com.fpg.adf.model.entity.T0nkdgm5EO.Opco"/>
      <Item Value="com.fpg.adf.model.entity.T0nkdgm5EO.Oppld"/>
      <Item Value="com.fpg.adf.model.entity.T0nkdgm5EO.Opdp"/>
      <Item Value="com.fpg.adf.model.entity.T0nkdgm5EO.Wayid"/>
    </AttrArray>
  </Key>
</Entity>
