<?xml version="1.0" encoding="UTF-8" ?>
<!DOCTYPE Entity SYSTEM "jbo_03_01.dtd">
<!---->
<Entity
  xmlns="http://xmlns.oracle.com/bc4j"
  Name="T0nkdgd52EO"
  Version="12.2.1.3.15"
  InheritPersonalization="merge"
  DBObjectType="table"
  DBObjectName="T0NKDGD5_2"
  AliasName="T0nkdgd52EO"
  BindingStyle="OracleName">
  <Attribute
    Name="Opco"
    IsNotNull="true"
    Precision="2"
    ColumnName="OPCO"
    SQLType="VARCHAR"
    Type="java.lang.String"
    ColumnType="VARCHAR2"
    TableName="T0NKDGD5_2"
    PrimaryKey="true">
    <DesignTime>
      <Attr Name="_DisplaySize" Value="2"/>
    </DesignTime>
  </Attribute>
  <Attribute
    Name="Oppld"
    IsNotNull="true"
    Precision="2"
    ColumnName="OPPLD"
    SQLType="VARCHAR"
    Type="java.lang.String"
    ColumnType="VARCHAR2"
    TableName="T0NKDGD5_2"
    PrimaryKey="true">
    <DesignTime>
      <Attr Name="_DisplaySize" Value="2"/>
    </DesignTime>
  </Attribute>
  <Attribute
    Name="Opdp"
    IsNotNull="true"
    Precision="4"
    ColumnName="OPDP"
    SQLType="VARCHAR"
    Type="java.lang.String"
    ColumnType="VARCHAR2"
    TableName="T0NKDGD5_2"
    PrimaryKey="true">
    <DesignTime>
      <Attr Name="_DisplaySize" Value="4"/>
    </DesignTime>
  </Attribute>
  <Attribute
    Name="Wayid"
    IsNotNull="true"
    Precision="8"
    ColumnName="WAYID"
    SQLType="VARCHAR"
    Type="java.lang.String"
    ColumnType="VARCHAR2"
    TableName="T0NKDGD5_2"
    PrimaryKey="true">
    <DesignTime>
      <Attr Name="_DisplaySize" Value="8"/>
    </DesignTime>
  </Attribute>
  <Attribute
    Name="Sqno"
    IsNotNull="true"
    Precision="4"
    ColumnName="SQNO"
    SQLType="VARCHAR"
    Type="java.lang.String"
    ColumnType="VARCHAR2"
    TableName="T0NKDGD5_2"
    PrimaryKey="true">
    <DesignTime>
      <Attr Name="_DisplaySize" Value="4"/>
    </DesignTime>
  </Attribute>
  <Attribute
    Name="It"
    IsNotNull="true"
    Precision="3"
    ColumnName="IT"
    SQLType="VARCHAR"
    Type="java.lang.String"
    ColumnType="VARCHAR2"
    TableName="T0NKDGD5_2"
    PrimaryKey="true">
    <DesignTime>
      <Attr Name="_DisplaySize" Value="3"/>
    </DesignTime>
  </Attribute>
  <Attribute
    Name="Co"
    Precision="2"
    ColumnName="CO"
    SQLType="VARCHAR"
    Type="java.lang.String"
    ColumnType="VARCHAR2"
    TableName="T0NKDGD5_2">
    <DesignTime>
      <Attr Name="_DisplaySize" Value="2"/>
    </DesignTime>
  </Attribute>
  <Attribute
    Name="Pmfct"
    Precision="2"
    ColumnName="PMFCT"
    SQLType="VARCHAR"
    Type="java.lang.String"
    ColumnType="VARCHAR2"
    TableName="T0NKDGD5_2">
    <DesignTime>
      <Attr Name="_DisplaySize" Value="2"/>
    </DesignTime>
  </Attribute>
  <Attribute
    Name="Mpz"
    Precision="10"
    ColumnName="MPZ"
    SQLType="VARCHAR"
    Type="java.lang.String"
    ColumnType="VARCHAR2"
    TableName="T0NKDGD5_2">
    <DesignTime>
      <Attr Name="_DisplaySize" Value="10"/>
    </DesignTime>
  </Attribute>
  <Attribute
    Name="Mpsys"
    Precision="6"
    ColumnName="MPSYS"
    SQLType="VARCHAR"
    Type="java.lang.String"
    ColumnType="VARCHAR2"
    TableName="T0NKDGD5_2">
    <DesignTime>
      <Attr Name="_DisplaySize" Value="6"/>
    </DesignTime>
  </Attribute>
  <Attribute
    Name="Eqno"
    Precision="60"
    ColumnName="EQNO"
    SQLType="VARCHAR"
    Type="java.lang.String"
    ColumnType="VARCHAR2"
    TableName="T0NKDGD5_2">
    <DesignTime>
      <Attr Name="_DisplaySize" Value="60"/>
    </DesignTime>
  </Attribute>
  <Attribute
    Name="Eqnm"
    Precision="90"
    ColumnName="EQNM"
    SQLType="VARCHAR"
    Type="java.lang.String"
    ColumnType="VARCHAR2"
    TableName="T0NKDGD5_2">
    <DesignTime>
      <Attr Name="_DisplaySize" Value="90"/>
    </DesignTime>
  </Attribute>
  <Attribute
    Name="Chkkd1"
    Precision="2"
    ColumnName="CHKKD1"
    SQLType="VARCHAR"
    Type="java.lang.String"
    ColumnType="VARCHAR2"
    TableName="T0NKDGD5_2">
    <DesignTime>
      <Attr Name="_DisplaySize" Value="2"/>
    </DesignTime>
  </Attribute>
  <Attribute
    Name="Chkkd2"
    Precision="2"
    ColumnName="CHKKD2"
    SQLType="VARCHAR"
    Type="java.lang.String"
    ColumnType="VARCHAR2"
    TableName="T0NKDGD5_2">
    <DesignTime>
      <Attr Name="_DisplaySize" Value="2"/>
    </DesignTime>
  </Attribute>
  <Attribute
    Name="Chkkd3"
    Precision="2"
    ColumnName="CHKKD3"
    SQLType="VARCHAR"
    Type="java.lang.String"
    ColumnType="VARCHAR2"
    TableName="T0NKDGD5_2">
    <DesignTime>
      <Attr Name="_DisplaySize" Value="2"/>
    </DesignTime>
  </Attribute>
  <Attribute
    Name="Txco"
    Precision="2"
    ColumnName="TXCO"
    SQLType="VARCHAR"
    Type="java.lang.String"
    ColumnType="VARCHAR2"
    TableName="T0NKDGD5_2">
    <DesignTime>
      <Attr Name="_DisplaySize" Value="2"/>
    </DesignTime>
  </Attribute>
  <Attribute
    Name="Txemp"
    Precision="10"
    ColumnName="TXEMP"
    SQLType="VARCHAR"
    Type="java.lang.String"
    ColumnType="VARCHAR2"
    TableName="T0NKDGD5_2">
    <DesignTime>
      <Attr Name="_DisplaySize" Value="10"/>
    </DesignTime>
  </Attribute>
  <Attribute
    Name="Txmch"
    Precision="30"
    ColumnName="TXMCH"
    SQLType="VARCHAR"
    Type="java.lang.String"
    ColumnType="VARCHAR2"
    TableName="T0NKDGD5_2">
    <DesignTime>
      <Attr Name="_DisplaySize" Value="30"/>
    </DesignTime>
  </Attribute>
  <Attribute
    Name="Txtm"
    Precision="16"
    ColumnName="TXTM"
    SQLType="VARCHAR"
    Type="java.lang.String"
    ColumnType="VARCHAR2"
    TableName="T0NKDGD5_2">
    <DesignTime>
      <Attr Name="_DisplaySize" Value="16"/>
    </DesignTime>
  </Attribute>
  <Attribute
    Name="Patrtm"
    Precision="6"
    Scale="0"
    ColumnName="PATRTM"
    SQLType="NUMERIC"
    Type="java.lang.Integer"
    ColumnType="NUMBER"
    TableName="T0NKDGD5_2"/>
  <Attribute
    Name="Cycqty"
    Precision="3"
    Scale="0"
    ColumnName="CYCQTY"
    SQLType="NUMERIC"
    Type="java.lang.Integer"
    ColumnType="NUMBER"
    TableName="T0NKDGD5_2"/>
  <Attribute
    Name="Cycun"
    Precision="2"
    ColumnName="CYCUN"
    SQLType="VARCHAR"
    Type="java.lang.String"
    ColumnType="VARCHAR2"
    TableName="T0NKDGD5_2">
    <DesignTime>
      <Attr Name="_DisplaySize" Value="2"/>
    </DesignTime>
  </Attribute>
  <AccessorAttribute
    Name="T0nkdgd51"
    Association="com.fpg.adf.model.entity.assoc.Fk1T0nkdgd52AS"
    AssociationEnd="com.fpg.adf.model.entity.assoc.Fk1T0nkdgd52AS.T0nkdgd51"
    AssociationOtherEnd="com.fpg.adf.model.entity.assoc.Fk1T0nkdgd52AS.T0nkdgd52"
    Type="oracle.jbo.server.EntityImpl"
    IsUpdateable="true"/>
  <AccessorAttribute
    Name="T0nkdgm5"
    Association="com.fpg.adf.model.entity.assoc.Fk2T0nkdgd52AS"
    AssociationEnd="com.fpg.adf.model.entity.assoc.Fk2T0nkdgd52AS.T0nkdgm5"
    AssociationOtherEnd="com.fpg.adf.model.entity.assoc.Fk2T0nkdgd52AS.T0nkdgd52"
    Type="oracle.jbo.server.EntityImpl"
    IsUpdateable="true"/>
  <Key
    Name="PkT0nkdgd52"
    PrimaryKey="true">
    <DesignTime>
      <Attr Name="_DBObjectName" Value="PK_T0NKDGD5_2"/>
    </DesignTime>
    <AttrArray Name="Attributes">
      <Item Value="com.fpg.adf.model.entity.T0nkdgd52EO.Opco"/>
      <Item Value="com.fpg.adf.model.entity.T0nkdgd52EO.Oppld"/>
      <Item Value="com.fpg.adf.model.entity.T0nkdgd52EO.Opdp"/>
      <Item Value="com.fpg.adf.model.entity.T0nkdgd52EO.Wayid"/>
      <Item Value="com.fpg.adf.model.entity.T0nkdgd52EO.Sqno"/>
      <Item Value="com.fpg.adf.model.entity.T0nkdgd52EO.It"/>
    </AttrArray>
  </Key>
  <Key
    Name="Fk1T0nkdgd52">
    <DesignTime>
      <Attr Name="_isCascadeDelete" Value="true"/>
      <Attr Name="_referencedKey" Value="PK_T0NKDGD5_1"/>
      <Attr Name="_isForeign" Value="true"/>
      <Attr Name="_DBObjectName" Value="FK1_T0NKDGD5_2"/>
    </DesignTime>
    <AttrArray Name="Attributes">
      <Item Value="com.fpg.adf.model.entity.T0nkdgd52EO.Opco"/>
      <Item Value="com.fpg.adf.model.entity.T0nkdgd52EO.Oppld"/>
      <Item Value="com.fpg.adf.model.entity.T0nkdgd52EO.Opdp"/>
      <Item Value="com.fpg.adf.model.entity.T0nkdgd52EO.Wayid"/>
      <Item Value="com.fpg.adf.model.entity.T0nkdgd52EO.Sqno"/>
    </AttrArray>
  </Key>
  <Key
    Name="Fk2T0nkdgd52">
    <DesignTime>
      <Attr Name="_isCascadeDelete" Value="true"/>
      <Attr Name="_referencedKey" Value="PK_T0NKDGM5"/>
      <Attr Name="_isForeign" Value="true"/>
      <Attr Name="_DBObjectName" Value="FK2_T0NKDGD5_2"/>
    </DesignTime>
    <AttrArray Name="Attributes">
      <Item Value="com.fpg.adf.model.entity.T0nkdgd52EO.Opco"/>
      <Item Value="com.fpg.adf.model.entity.T0nkdgd52EO.Oppld"/>
      <Item Value="com.fpg.adf.model.entity.T0nkdgd52EO.Opdp"/>
      <Item Value="com.fpg.adf.model.entity.T0nkdgd52EO.Wayid"/>
    </AttrArray>
  </Key>
</Entity>
