<?xml version="1.0" encoding="UTF-8" ?>
<!DOCTYPE Entity SYSTEM "jbo_03_01.dtd">
<!---->
<Entity
  xmlns="http://xmlns.oracle.com/bc4j"
  Name="T0nkdgd51EO"
  Version="12.2.1.3.15"
  InheritPersonalization="merge"
  DBObjectType="table"
  DBObjectName="T0NKDGD5_1"
  AliasName="T0nkdgd51EO"
  BindingStyle="OracleName">
  <Attribute
    Name="Opco"
    IsNotNull="true"
    Precision="2"
    ColumnName="OPCO"
    SQLType="VARCHAR"
    Type="java.lang.String"
    ColumnType="VARCHAR2"
    TableName="T0NKDGD5_1"
    PrimaryKey="true">
    <DesignTime>
      <Attr Name="_DisplaySize" Value="2"/>
    </DesignTime>
  </Attribute>
  <Attribute
    Name="Oppld"
    IsNotNull="true"
    Precision="2"
    ColumnName="OPPLD"
    SQLType="VARCHAR"
    Type="java.lang.String"
    ColumnType="VARCHAR2"
    TableName="T0NKDGD5_1"
    PrimaryKey="true">
    <DesignTime>
      <Attr Name="_DisplaySize" Value="2"/>
    </DesignTime>
  </Attribute>
  <Attribute
    Name="Opdp"
    IsNotNull="true"
    Precision="4"
    ColumnName="OPDP"
    SQLType="VARCHAR"
    Type="java.lang.String"
    ColumnType="VARCHAR2"
    TableName="T0NKDGD5_1"
    PrimaryKey="true">
    <DesignTime>
      <Attr Name="_DisplaySize" Value="4"/>
    </DesignTime>
  </Attribute>
  <Attribute
    Name="Wayid"
    IsNotNull="true"
    Precision="8"
    ColumnName="WAYID"
    SQLType="VARCHAR"
    Type="java.lang.String"
    ColumnType="VARCHAR2"
    TableName="T0NKDGD5_1"
    PrimaryKey="true">
    <DesignTime>
      <Attr Name="_DisplaySize" Value="8"/>
    </DesignTime>
  </Attribute>
  <Attribute
    Name="Sqno"
    IsNotNull="true"
    Precision="4"
    ColumnName="SQNO"
    SQLType="VARCHAR"
    Type="java.lang.String"
    ColumnType="VARCHAR2"
    TableName="T0NKDGD5_1"
    PrimaryKey="true">
    <DesignTime>
      <Attr Name="_DisplaySize" Value="4"/>
    </DesignTime>
  </Attribute>
  <Attribute
    Name="Ctlptid"
    Precision="15"
    ColumnName="CTLPTID"
    SQLType="VARCHAR"
    Type="java.lang.String"
    ColumnType="VARCHAR2"
    TableName="T0NKDGD5_1">
    <DesignTime>
      <Attr Name="_DisplaySize" Value="15"/>
    </DesignTime>
  </Attribute>
  <Attribute
    Name="Txco"
    Precision="2"
    ColumnName="TXCO"
    SQLType="VARCHAR"
    Type="java.lang.String"
    ColumnType="VARCHAR2"
    TableName="T0NKDGD5_1">
    <DesignTime>
      <Attr Name="_DisplaySize" Value="2"/>
    </DesignTime>
  </Attribute>
  <Attribute
    Name="Txemp"
    Precision="10"
    ColumnName="TXEMP"
    SQLType="VARCHAR"
    Type="java.lang.String"
    ColumnType="VARCHAR2"
    TableName="T0NKDGD5_1">
    <DesignTime>
      <Attr Name="_DisplaySize" Value="10"/>
    </DesignTime>
  </Attribute>
  <Attribute
    Name="Txmch"
    Precision="30"
    ColumnName="TXMCH"
    SQLType="VARCHAR"
    Type="java.lang.String"
    ColumnType="VARCHAR2"
    TableName="T0NKDGD5_1">
    <DesignTime>
      <Attr Name="_DisplaySize" Value="30"/>
    </DesignTime>
  </Attribute>
  <Attribute
    Name="Txtm"
    Precision="16"
    ColumnName="TXTM"
    SQLType="VARCHAR"
    Type="java.lang.String"
    ColumnType="VARCHAR2"
    TableName="T0NKDGD5_1">
    <DesignTime>
      <Attr Name="_DisplaySize" Value="16"/>
    </DesignTime>
  </Attribute>
  <Attribute
    Name="Groupmk"
    Precision="1"
    ColumnName="GROUPMK"
    SQLType="VARCHAR"
    Type="java.lang.String"
    ColumnType="VARCHAR2"
    TableName="T0NKDGD5_1">
    <DesignTime>
      <Attr Name="_DisplaySize" Value="1"/>
    </DesignTime>
  </Attribute>
  <Attribute
    Name="Patrtm"
    Precision="6"
    Scale="0"
    ColumnName="PATRTM"
    SQLType="NUMERIC"
    Type="java.lang.Integer"
    ColumnType="NUMBER"
    TableName="T0NKDGD5_1"/>
  <AccessorAttribute
    Name="T0nkdgd52"
    Association="com.fpg.adf.model.entity.assoc.Fk1T0nkdgd52AS"
    AssociationEnd="com.fpg.adf.model.entity.assoc.Fk1T0nkdgd52AS.T0nkdgd52"
    AssociationOtherEnd="com.fpg.adf.model.entity.assoc.Fk1T0nkdgd52AS.T0nkdgd51"
    Type="oracle.jbo.RowIterator"
    IsUpdateable="false"/>
  <AccessorAttribute
    Name="T0nkdgm5"
    Association="com.fpg.adf.model.entity.assoc.FkT0nkdgd51AS"
    AssociationEnd="com.fpg.adf.model.entity.assoc.FkT0nkdgd51AS.T0nkdgm5"
    AssociationOtherEnd="com.fpg.adf.model.entity.assoc.FkT0nkdgd51AS.T0nkdgd51"
    Type="oracle.jbo.server.EntityImpl"
    IsUpdateable="true"/>
  <Key
    Name="PkT0nkdgd51"
    PrimaryKey="true">
    <DesignTime>
      <Attr Name="_DBObjectName" Value="PK_T0NKDGD5_1"/>
    </DesignTime>
    <AttrArray Name="Attributes">
      <Item Value="com.fpg.adf.model.entity.T0nkdgd51EO.Opco"/>
      <Item Value="com.fpg.adf.model.entity.T0nkdgd51EO.Oppld"/>
      <Item Value="com.fpg.adf.model.entity.T0nkdgd51EO.Opdp"/>
      <Item Value="com.fpg.adf.model.entity.T0nkdgd51EO.Wayid"/>
      <Item Value="com.fpg.adf.model.entity.T0nkdgd51EO.Sqno"/>
    </AttrArray>
  </Key>
  <Key
    Name="Fk1T0nkdgd51">
    <DesignTime>
      <Attr Name="_isDeferrableConstraint" Value="true"/>
      <Attr Name="_isInitiallyDeferredConstraint" Value="true"/>
      <Attr Name="_referencedKey" Value="PK_T0NKDG04"/>
      <Attr Name="_isForeign" Value="true"/>
      <Attr Name="_DBObjectName" Value="FK1_T0NKDGD5_1"/>
    </DesignTime>
    <AttrArray Name="Attributes">
      <Item Value="com.fpg.adf.model.entity.T0nkdgd51EO.Opco"/>
      <Item Value="com.fpg.adf.model.entity.T0nkdgd51EO.Oppld"/>
      <Item Value="com.fpg.adf.model.entity.T0nkdgd51EO.Opdp"/>
      <Item Value="com.fpg.adf.model.entity.T0nkdgd51EO.Ctlptid"/>
    </AttrArray>
  </Key>
  <Key
    Name="FkT0nkdgd51">
    <DesignTime>
      <Attr Name="_isCascadeDelete" Value="true"/>
      <Attr Name="_referencedKey" Value="PK_T0NKDGM5"/>
      <Attr Name="_isForeign" Value="true"/>
      <Attr Name="_DBObjectName" Value="FK_T0NKDGD5_1"/>
    </DesignTime>
    <AttrArray Name="Attributes">
      <Item Value="com.fpg.adf.model.entity.T0nkdgd51EO.Opco"/>
      <Item Value="com.fpg.adf.model.entity.T0nkdgd51EO.Oppld"/>
      <Item Value="com.fpg.adf.model.entity.T0nkdgd51EO.Opdp"/>
      <Item Value="com.fpg.adf.model.entity.T0nkdgd51EO.Wayid"/>
    </AttrArray>
  </Key>
</Entity>
