<?xml version="1.0" encoding="UTF-8" ?>
<adfc-config xmlns="http://xmlns.oracle.com/adf/controller" version="1.2">
  <view id="T0NKDGM5">
    <page>/T0NKDGM5.jsf</page>
    <input-page-parameter id="__30">
      <from-value>#{pageFlowScope.p_OPCO.inputValue}</from-value>
      <to-value>#{pageFlowScope.p_OPCO}</to-value>
    </input-page-parameter>
    <input-page-parameter id="__31">
      <from-value>#{pageFlowScope.p_OPPLD.inputValue}</from-value>
      <to-value>#{pageFlowScope.p_OPPLD}</to-value>
    </input-page-parameter>
    <input-page-parameter id="__32">
      <from-value>#{pageFlowScope.p_OPDP.inputValue}</from-value>
      <to-value>#{pageFlowScope.p_OPDP}</to-value>
    </input-page-parameter>
  </view>
  <view id="T0NKDGM5Form">
    <page>/T0NKDGM5Form.jsf</page>
  </view>
  <method-call id="Commit">
    <method>#{bindings.Commit.execute}</method>
    <outcome>
      <fixed-outcome>Commit</fixed-outcome>
    </outcome>
  </method-call>
  <method-call id="Rollback">
    <method>#{bindings.Rollback.execute}</method>
    <outcome>
      <fixed-outcome>Rollback</fixed-outcome>
    </outcome>
  </method-call>
  <method-call id="CreateWithParameters">
    <method>#{bindings.CreateWithParams.execute}</method>
    <outcome>
      <fixed-outcome>CreateWithParams</fixed-outcome>
    </outcome>
  </method-call>
  <control-flow-rule id="__3">
    <from-activity-id>T0NKDGM5Form</from-activity-id>
    <control-flow-case id="__4">
      <from-outcome>cancel</from-outcome>
      <to-activity-id>T0NKDGM5</to-activity-id>
    </control-flow-case>
    <control-flow-case id="__12">
      <from-outcome>ok</from-outcome>
      <to-activity-id>Commit</to-activity-id>
    </control-flow-case>
    <control-flow-case id="__21">
      <from-outcome>cancel</from-outcome>
      <to-activity-id>Rollback</to-activity-id>
    </control-flow-case>
  </control-flow-rule>
  <control-flow-rule id="__13">
    <from-activity-id>Commit</from-activity-id>
    <control-flow-case id="__14">
      <from-outcome>Commit</from-outcome>
      <to-activity-id>T0NKDGM5</to-activity-id>
    </control-flow-case>
  </control-flow-rule>
  <control-flow-rule id="__22">
    <from-activity-id>Rollback</from-activity-id>
    <control-flow-case id="__23">
      <from-outcome>Rollback</from-outcome>
      <to-activity-id>T0NKDGM5</to-activity-id>
    </control-flow-case>
  </control-flow-rule>
  <control-flow-rule id="__28">
    <from-activity-id>T0NKDGM5</from-activity-id>
    <control-flow-case id="__29">
      <from-outcome>create</from-outcome>
      <to-activity-id>CreateWithParameters</to-activity-id>
    </control-flow-case>
  </control-flow-rule>
  <control-flow-rule id="__33">
    <from-activity-id>CreateWithParameters</from-activity-id>
    <control-flow-case id="__34">
      <from-outcome>CreateWithParams</from-outcome>
      <to-activity-id>T0NKDGM5Form</to-activity-id>
    </control-flow-case>
  </control-flow-rule>
</adfc-config>
