<?xml version="1.0" encoding="UTF-8" ?>
<!DOCTYPE Association SYSTEM "jbo_03_01.dtd">
<!---->
<Association
  xmlns="http://xmlns.oracle.com/bc4j"
  Name="Fk1T0nkdgd52AS"
  Version="12.2.1.3.15"
  InheritPersonalization="merge">
  <DesignTime>
    <Attr Name="_isCodegen" Value="true"/>
  </DesignTime>
  <AssociationEnd
    Name="T0nkdgd51"
    Cardinality="1"
    Source="true"
    Owner="com.fpg.adf.model.entity.T0nkdgd51EO">
    <DesignTime>
      <Attr Name="_isUpdateable" Value="true"/>
      <Attr Name="_minCardinality" Value="1"/>
      <Attr Name="_aggregation" Value="0"/>
      <Attr Name="_finderName" Value="T0nkdgd51"/>
      <Attr Name="_foreignKey" Value="com.fpg.adf.model.entity.T0nkdgd51EO.PkT0nkdgd51"/>
    </DesignTime>
    <AttrArray Name="Attributes">
      <Item Value="com.fpg.adf.model.entity.T0nkdgd51EO.Opco"/>
      <Item Value="com.fpg.adf.model.entity.T0nkdgd51EO.Oppld"/>
      <Item Value="com.fpg.adf.model.entity.T0nkdgd51EO.Opdp"/>
      <Item Value="com.fpg.adf.model.entity.T0nkdgd51EO.Wayid"/>
      <Item Value="com.fpg.adf.model.entity.T0nkdgd51EO.Sqno"/>
    </AttrArray>
  </AssociationEnd>
  <AssociationEnd
    Name="T0nkdgd52"
    Cardinality="-1"
    Owner="com.fpg.adf.model.entity.T0nkdgd52EO">
    <DesignTime>
      <Attr Name="_isUpdateable" Value="true"/>
      <Attr Name="_aggregation" Value="0"/>
      <Attr Name="_finderName" Value="T0nkdgd52"/>
      <Attr Name="_foreignKey" Value="com.fpg.adf.model.entity.T0nkdgd52EO.Fk1T0nkdgd52"/>
    </DesignTime>
    <AttrArray Name="Attributes">
      <Item Value="com.fpg.adf.model.entity.T0nkdgd52EO.Opco"/>
      <Item Value="com.fpg.adf.model.entity.T0nkdgd52EO.Oppld"/>
      <Item Value="com.fpg.adf.model.entity.T0nkdgd52EO.Opdp"/>
      <Item Value="com.fpg.adf.model.entity.T0nkdgd52EO.Wayid"/>
      <Item Value="com.fpg.adf.model.entity.T0nkdgd52EO.Sqno"/>
    </AttrArray>
  </AssociationEnd>
</Association>
